Algorithm,Best_k,Silhouette,ARI,NMI
KMeans,3,0.11038068243845571,0.3373522605983147,0.2866718109559224
